str_model,flt_auc,flt_gini,flt_ks,flt_brier,flt_median_pred
Champion,0.8016061294089646,0.6032122588179292,0.46478918418351406,0.12000223994255066,0.12925178
Challenger,0.8016061294089646,0.6032122588179292,0.46478918418351406,0.12000223994255066,0.12925178
