str_model,flt_auc,flt_gini,flt_ks,flt_brier,flt_median_pred
Champion (XGBoost),0.8026160909537197,0.6052321819074393,0.4781913390160813,0.11990594863891602,0.13235388696193695
Challenger (SVM),0.7514248709480668,0.5028497418961335,0.4494675213103048,0.1269902189451246,0.13826501911299177
