str_model,flt_auc,flt_gini,flt_ks,flt_brier,flt_median_pred
Champion (XGBoost),0.8016061294089646,0.6032122588179292,0.46478918418351406,0.12000223994255066,0.12925177812576294
Challenger (SVM),0.7480491122565865,0.4960982245131731,0.4461784635753708,0.12697010981519885,0.13803622950696717
