str_model,flt_auc,flt_gini,flt_ks,flt_brier,flt_median_pred
Champion (XGBoost),0.8032288087056129,0.6064576174112257,0.47788265571770727,0.11956723034381866,0.1300327032804489
Challenger (Logistic Regression),0.7942500297526072,0.5885000595052143,0.46658735737343987,0.1228306856419267,0.14156725258959305
