str_group,int_n,flt_target_mean,flt_pred_mean,flt_pred_median,flt_auc
<60,3722,0.18377216550241807,0.18684243,0.13014513,0.8020925970841082
>=60,75,0.12,0.17154099,0.12158849,0.872053872053872
