str_group,int_n,flt_target_mean,flt_pred_mean,flt_pred_median,flt_auc
<60,3690,0.1831978319783198,0.1861921,0.13271672,0.8039180078764581
>=60,107,0.1588785046728972,0.18383709,0.13338557,0.7352941176470589
