str_group,int_n,flt_target_mean,flt_pred_mean,flt_pred_median,flt_auc
<60,3690,0.1831978319783198,0.18810324,0.12924823,0.8030966436707594
>=60,107,0.1588785046728972,0.18451908,0.12928529,0.7339869281045752
