str_split,flt_auc,flt_gini,flt_ks,flt_pr_auc,flt_brier,flt_median_pred,flt_mean_pred,flt_target_mean
Train+Valid,0.8113804295386302,0.6227608590772604,0.4629215836595729,0.5273944419230642,0.11888935416936874,0.13075587,0.1874376,0.18757844823578634
Test,0.8024371104268011,0.6048742208536022,0.4691976837595394,0.48090867538688503,0.11992024630308151,0.13274081,0.18612573,0.18251250987621806
