str_split,flt_auc,flt_gini,flt_ks,flt_pr_auc,flt_brier,flt_median_pred,flt_mean_pred,flt_target_mean
Train+Valid,0.8136131321751793,0.6272262643503586,0.46853673354259184,0.5320176245158563,0.11823396384716034,0.126667,0.187593,0.18757844823578634
Test,0.8032288087056129,0.6064576174112257,0.47788265571770727,0.4845567921826118,0.11956723034381866,0.1300327,0.18654019,0.18251250987621806
