str_split,flt_auc,flt_gini,flt_ks,flt_pr_auc,flt_brier,flt_median_pred
Train,0.8158487429619935,0.631697485923987,0.47378945997190824,0.5341555515359364,0.11907203495502472,0.12860519
Validation,0.7842756065219038,0.5685512130438075,0.4297135902490224,0.4805174560015236,0.1195804551243782,0.13018411
Test,0.8016061294089646,0.6032122588179292,0.46478918418351406,0.4815154628443659,0.12000223994255066,0.12925178
