str_split,flt_auc,flt_gini,flt_ks
Train,0.8158487429619935,0.631697485923987,0.47378945997190824
Validation,0.7842756065219038,0.5685512130438075,0.4297135902490224
Test,0.8016061294089646,0.6032122588179292,0.46478918418351406
