str_split,flt_auc,flt_gini,flt_ks,flt_pr_auc,flt_brier,flt_median_pred,flt_mean_pred,flt_target_mean
Train+Valid,0.8153323814880269,0.6306647629760538,0.47407323422910597,0.5376128647430753,0.11772479116916656,0.12959236,0.18758659,0.18757844823578634
Test,0.8026160909537197,0.6052321819074393,0.4781913390160813,0.48125681495000083,0.11990594863891602,0.13235389,0.186424,0.18251250987621806
