max_depth,learning_rate,min_child_weight,subsample,colsample_bytree,gamma,reg_alpha,reg_lambda
8,0.04434347115609894,7,0.8677930877789182,0.682811830789358,4.002646616253101,3.427813298572496e-08,1.4970984194007682e-08
