max_depth,learning_rate,min_child_weight,subsample,colsample_bytree,gamma,reg_alpha,reg_lambda
3,0.1441882171608635,5,0.6331385226667611,0.7584503227098223,2.595595982144815,5.1795588511679716e-08,1.6045576424879755
