max_depth,learning_rate,min_child_weight,subsample,colsample_bytree,gamma,reg_alpha,reg_lambda
3,0.11205957389365898,2,0.7696107318802698,0.8199172600799355,2.2664793257155655,0.6585261179776163,0.016202386472294
