max_depth,learning_rate,min_child_weight,subsample,colsample_bytree,gamma,reg_alpha,reg_lambda
3,0.23087722478778774,3,0.9382214807176066,0.8861631928103557,0.17790140875329055,5.5118542729125135e-06,3.757961908143216e-05
